City_ID,City,Country,Date,Lat,Lng,Max Temp,Humidity,Cloudiness,Wind Speed
0,Zelenoborsk,RU,2021-07-25 19:36:59,61.4669,64.0333,52.16,68,100,5.7
1,Husavik,IS,2021-07-25 19:31:03,66.0449,-17.3389,58.91,64,100,6.26
2,Mataura,NZ,2021-07-25 19:30:25,-46.1927,168.8643,47.48,92,100,3.38
3,Evensk,RU,2021-07-25 19:30:29,61.95,159.2333,48.63,99,100,7.23
4,Mandalay,MM,2021-07-25 19:37:00,21.9747,96.0836,78.46,87,100,7.63
5,Murgab,TM,2021-07-25 19:32:03,37.4966,61.9714,91.27,31,0,9.22
6,Sale,MA,2021-07-25 19:37:00,34.0389,-6.8166,73.63,78,20,10.36
7,San Patricio,US,2021-07-25 19:31:00,28.017,-97.5169,95.09,42,0,13.87
8,Busselton,AU,2021-07-25 19:37:00,-33.65,115.3333,58.08,65,8,20.58
9,Hermanus,ZA,2021-07-25 19:37:01,-34.4187,19.2345,62.91,53,100,9.73
10,Pala,TD,2021-07-25 19:37:01,9.3642,14.9046,76.91,75,100,4.47
11,Atar,MR,2021-07-25 19:31:44,20.5169,-13.0499,104.85,13,97,1.34
12,Ribeira Grande,PT,2021-07-25 19:26:58,38.5167,-28.7,73.8,78,20,9.22
13,Ramshir,IR,2021-07-25 19:37:01,30.8946,49.4092,96.55,36,11,10.09
14,Chuy,UY,2021-07-25 19:30:22,-33.6971,-53.4616,66.07,85,1,5.59
15,Havre-Saint-Pierre,CA,2021-07-25 19:37:01,50.2334,-63.5986,75.56,57,1,11.5
16,Ushuaia,AR,2021-07-25 19:37:02,-54.8,-68.3,35.26,87,75,25.32
17,Mar Del Plata,AR,2021-07-25 19:37:02,-38.0023,-57.5575,55.42,58,90,7.0
18,Mackay,AU,2021-07-25 19:37:02,-21.15,149.2,53.04,87,8,4.61
19,Broken Hill,AU,2021-07-25 19:37:03,-31.95,141.4333,49.71,66,3,14.97
20,Bongandanga,CD,2021-07-25 19:37:03,1.5,21.05,76.42,66,98,2.53
21,Rikitea,PF,2021-07-25 19:37:03,-23.1203,-134.9692,70.65,67,38,6.42
22,Port Lincoln,AU,2021-07-25 19:37:03,-34.7333,135.8667,55.89,82,100,18.57
23,Fare,PF,2021-07-25 19:37:04,-16.7,-151.0167,77.76,65,2,12.35
24,Port Elizabeth,ZA,2021-07-25 19:27:17,-33.918,25.5701,50.29,87,40,3.44
25,Hilo,US,2021-07-25 19:26:58,19.7297,-155.09,82.8,86,90,4.61
26,Batemans Bay,AU,2021-07-25 19:37:04,-35.7167,150.1833,52.2,62,4,8.28
27,Kapaa,US,2021-07-25 19:37:04,22.0752,-159.319,82.72,80,75,3.0
28,Punta Arenas,CL,2021-07-25 19:37:05,-53.15,-70.9167,41.11,60,0,14.97
29,Bredasdorp,ZA,2021-07-25 19:30:30,-34.5322,20.0403,47.52,87,100,3.44
30,Gorontalo,ID,2021-07-25 19:37:05,0.5412,123.0595,74.26,95,58,3.09
31,Meulaboh,ID,2021-07-25 19:29:09,4.1363,96.1285,77.4,86,100,2.46
32,Tiksi,RU,2021-07-25 19:31:45,71.6872,128.8694,48.25,81,100,6.38
33,Bambous Virieux,MU,2021-07-25 19:30:30,-20.3428,57.7575,70.05,64,20,12.66
34,Tuatapere,NZ,2021-07-25 19:30:39,-46.1333,167.6833,47.82,95,100,4.74
35,Atuona,PF,2021-07-25 19:33:00,-9.8,-139.0333,77.97,69,68,22.95
36,Esmeralda,CU,2021-07-25 19:37:05,21.8525,-78.1169,87.04,70,87,7.47
37,Meadow Lake,US,2021-07-25 19:30:16,34.8014,-106.5436,84.67,44,87,8.7
38,Cape Town,ZA,2021-07-25 19:37:06,-33.9258,18.4232,63.12,56,0,3.44
39,Naze,JP,2021-07-25 19:32:26,28.3667,129.4833,77.86,88,100,16.15
40,Castelo Do Piaui,BR,2021-07-25 19:37:06,-5.3222,-41.5525,93.9,21,6,6.89
41,Katsuura,JP,2021-07-25 19:37:06,35.1333,140.3,80.11,83,56,12.08
42,Nakskov,DK,2021-07-25 19:37:06,54.8373,11.1284,70.14,88,100,20.71
43,Eureka,US,2021-07-25 19:31:42,40.8021,-124.1637,62.26,79,100,5.99
44,Butaritari,KI,2021-07-25 19:37:07,3.0707,172.7902,82.08,74,92,11.12
45,Hambantota,LK,2021-07-25 19:31:24,6.1241,81.1185,79.92,79,99,17.69
46,Barrow,US,2021-07-25 19:30:32,71.2906,-156.7887,44.62,87,90,10.36
47,Gua Musang,MY,2021-07-25 19:37:07,4.8823,101.9644,73.54,98,88,0.47
48,Cherskiy,RU,2021-07-25 19:31:33,68.75,161.3,45.93,63,23,7.2
49,Neiafu,TO,2021-07-25 19:32:30,-18.65,-173.9833,74.08,94,40,0.0
50,Saint George,US,2021-07-25 19:30:22,37.1041,-113.5841,96.44,36,6,1.99
51,Kamenka,RU,2021-07-25 19:37:07,51.3223,42.7678,61.57,55,13,6.62
52,Vaini,TO,2021-07-25 19:30:24,-21.2,-175.2,68.16,94,20,0.0
53,Saint-Philippe,RE,2021-07-25 19:30:34,-21.3585,55.7679,69.35,77,36,11.92
54,Honiara,SB,2021-07-25 19:30:36,-9.4333,159.95,76.93,88,55,6.04
55,Saldanha,ZA,2021-07-25 19:31:02,-33.0117,17.9442,59.05,50,100,12.41
56,Dudestii Vechi,RO,2021-07-25 19:37:08,46.05,20.4833,80.89,63,100,9.28
57,Bodden Town,KY,2021-07-25 19:37:08,19.2833,-81.25,87.93,66,40,3.44
58,Hobart,AU,2021-07-25 19:37:08,-42.8794,147.3294,44.46,72,40,1.01
59,Mitchell,US,2021-07-25 19:35:37,43.7094,-98.0298,91.38,40,1,16.11
60,Brae,GB,2021-07-25 19:37:09,60.3964,-1.353,58.91,81,5,4.0
61,Mount Gambier,AU,2021-07-25 19:30:44,-37.8333,140.7667,48.11,93,75,6.91
62,Bluff,NZ,2021-07-25 19:30:31,-46.6,168.3333,47.8,87,100,4.81
63,Najran,SA,2021-07-25 19:36:08,17.4924,44.1277,86.65,30,90,4.34
64,New Norfolk,AU,2021-07-25 19:37:09,-42.7826,147.0587,44.1,67,47,3.0
65,Nhulunbuy,AU,2021-07-25 19:32:06,-12.2333,136.7667,68.61,88,10,3.44
66,Necochea,AR,2021-07-25 19:37:09,-38.5473,-58.7368,50.04,83,100,18.01
67,Gorodets,RU,2021-07-25 19:37:10,56.6514,43.475,61.3,54,56,4.79
68,Coihaique,CL,2021-07-25 19:31:00,-45.5752,-72.0662,44.55,53,40,5.75
69,Bethel,US,2021-07-25 19:37:10,41.3712,-73.414,81.86,81,75,1.01
70,Nouadhibou,MR,2021-07-25 19:30:35,20.931,-17.0347,71.58,88,8,20.71
71,Amuntai,ID,2021-07-25 19:34:26,-2.4177,115.2494,69.71,94,0,1.07
72,Ahipara,NZ,2021-07-25 19:29:04,-35.1667,173.1667,57.27,92,15,9.86
73,Hami,CN,2021-07-25 19:28:14,42.8,93.45,87.1,18,0,8.77
74,Namatanai,PG,2021-07-25 19:34:12,-3.6667,152.4333,78.44,84,95,1.72
75,Avera,US,2021-07-25 19:30:34,33.194,-82.5271,91.71,50,84,4.41
76,Bocanda,CI,2021-07-25 19:37:11,7.0626,-4.4995,75.52,82,91,6.62
77,Thompson,CA,2021-07-25 19:26:46,55.7435,-97.8558,60.96,44,40,12.66
78,Druzhba,UA,2021-07-25 19:37:12,52.0428,33.9453,63.55,79,85,2.66
79,Bonito,BR,2021-07-25 19:37:12,-21.1211,-56.4819,91.56,24,0,9.15
80,Albany,US,2021-07-25 19:35:44,42.6001,-73.9662,85.03,74,60,1.99
81,Victoria,HK,2021-07-25 19:29:21,22.2855,114.1577,86.38,83,19,1.01
82,Riverton,US,2021-07-25 19:37:12,40.5219,-111.9391,98.44,23,1,4.0
83,Guapore,BR,2021-07-25 19:37:13,-28.8456,-51.8903,79.12,54,87,4.56
84,Namtsy,RU,2021-07-25 19:37:13,62.7161,129.6658,59.11,68,6,4.99
85,Bubaque,GW,2021-07-25 19:37:13,11.2833,-15.8333,79.41,81,100,9.55
86,Nikolskoye,RU,2021-07-25 19:30:28,59.7035,30.7861,67.89,70,24,2.53
87,Tuktoyaktuk,CA,2021-07-25 19:27:21,69.4541,-133.0374,48.2,100,90,10.36
88,Pasan,IN,2021-07-25 19:37:13,22.85,82.2,73.8,91,71,9.57
89,Eenhana,NA,2021-07-25 19:37:14,-17.4667,16.3333,65.95,39,0,8.21
90,Saskylakh,RU,2021-07-25 19:30:41,71.9167,114.0833,55.15,68,85,13.8
91,Hobyo,SO,2021-07-25 19:30:28,5.3505,48.5268,76.66,75,29,24.96
92,Vila Velha,BR,2021-07-25 19:31:37,-20.3297,-40.2925,77.97,53,20,10.36
93,Chokurdakh,RU,2021-07-25 19:30:45,70.6333,147.9167,41.11,67,1,9.71
94,Yellowknife,CA,2021-07-25 19:37:14,62.456,-114.3525,62.33,51,40,9.22
95,Port Shepstone,ZA,2021-07-25 19:37:14,-30.7414,30.455,58.87,83,0,11.99
96,Saint-Leu,RE,2021-07-25 19:37:15,-21.15,55.2833,68.83,73,69,4.61
97,Castro,BR,2021-07-25 19:30:24,-24.7911,-50.0119,65.03,61,2,3.85
98,Torbay,CA,2021-07-25 19:26:59,47.6666,-52.7314,62.76,86,75,9.22
99,Lebu,CL,2021-07-25 19:33:45,-37.6167,-73.65,52.11,88,39,12.1
100,Champerico,GT,2021-07-25 19:31:48,14.3,-91.9167,93.74,71,39,7.9
101,Itaituba,BR,2021-07-25 19:37:15,-4.2761,-55.9836,95.16,43,40,2.3
102,Svetlogorsk,BY,2021-07-25 19:36:05,52.6333,29.7333,66.34,66,58,6.04
103,Iqaluit,CA,2021-07-25 19:32:00,63.7506,-68.5145,47.93,93,75,2.3
104,Ariquemes,BR,2021-07-25 19:37:15,-9.9133,-63.0408,97.84,23,7,3.29
105,Vrangel,RU,2021-07-25 19:37:15,42.7297,133.0839,73.0,94,36,2.64
106,Dire,ML,2021-07-25 19:37:16,12.2833,-10.9667,76.91,89,100,0.85
107,Skwierzyna,PL,2021-07-25 19:37:16,52.5991,15.5065,73.67,68,92,5.44
108,Upernavik,GL,2021-07-25 19:37:16,72.7868,-56.1549,41.25,81,12,13.24
109,Lixourion,GR,2021-07-25 19:37:16,38.2019,20.4314,80.46,65,0,8.05
110,Safford,US,2021-07-25 19:37:17,32.834,-109.7076,84.06,78,75,4.61
111,Binzhou,CN,2021-07-25 19:37:17,37.3667,118.0167,75.81,75,2,7.81
112,Puerto Ayora,EC,2021-07-25 19:37:17,-0.7393,-90.3518,80.56,83,35,8.01
113,San Vicente,AR,2021-07-25 19:37:17,-26.6167,-54.1333,78.44,37,25,5.32
114,Cuiluan,CN,2021-07-25 19:37:18,47.72,128.648,68.97,98,100,4.83
115,Pabrade,LT,2021-07-25 19:37:18,55.0,25.7833,72.03,76,68,4.25
116,Talnakh,RU,2021-07-25 19:31:23,69.4865,88.3972,55.8,93,100,4.88
117,Narsaq,GL,2021-07-25 19:30:38,60.9167,-46.05,59.22,53,42,4.36
118,Hithadhoo,MV,2021-07-25 19:27:19,-0.6,73.0833,80.92,75,78,4.5
119,Shakawe,BW,2021-07-25 19:33:14,-18.3667,21.85,53.65,46,0,6.4
120,Petauke,ZM,2021-07-25 19:37:18,-14.2426,31.3253,57.54,57,99,10.09
121,Lavrentiya,RU,2021-07-25 19:28:19,65.5833,-171.0,44.38,99,100,4.23
122,Jalu,LY,2021-07-25 19:32:22,29.0331,21.5482,86.72,25,0,9.66
123,Chumikan,RU,2021-07-25 19:37:18,54.7183,135.315,63.05,89,10,12.71
124,Cidreira,BR,2021-07-25 19:37:19,-30.1811,-50.2056,68.14,67,0,10.83
125,Digha,IN,2021-07-25 19:37:19,21.6833,87.55,84.33,78,100,7.09
126,Mahebourg,MU,2021-07-25 19:30:58,-20.4081,57.7,70.09,64,20,12.66
127,Guerrero Negro,MX,2021-07-25 19:37:19,27.9769,-114.0611,78.66,56,85,11.68
128,Gagino,RU,2021-07-25 19:37:20,55.2314,45.0339,54.99,69,13,7.11
129,Saint-Pierre,RE,2021-07-25 19:32:25,-21.3393,55.4781,69.44,72,20,8.05
130,North Bend,US,2021-07-25 19:31:22,43.4065,-124.2243,74.91,75,1,26.46
131,Dunedin,NZ,2021-07-25 19:27:33,-45.8742,170.5036,50.81,63,100,14.0
132,Ostrovnoy,RU,2021-07-25 19:31:07,68.0531,39.5131,45.79,90,100,16.26
133,Rouvroy,FR,2021-07-25 19:37:20,50.3925,2.904,68.36,94,59,5.35
134,Abha,SA,2021-07-25 19:32:32,18.2164,42.5053,66.02,94,100,3.44
135,Tasiilaq,GL,2021-07-25 19:30:21,65.6145,-37.6368,46.56,85,50,5.26
136,Port Alfred,ZA,2021-07-25 19:37:20,-33.5906,26.891,61.18,43,58,11.21
137,Launceston,AU,2021-07-25 19:28:03,-41.45,147.1667,44.8,90,90,5.01
138,Georgetown,MY,2021-07-25 19:30:48,5.4112,100.3354,83.89,90,20,0.0
139,East London,ZA,2021-07-25 19:37:01,-33.0153,27.9116,59.49,46,4,7.78
140,Lorengau,PG,2021-07-25 19:34:21,-2.0226,147.2712,78.66,83,100,8.66
141,Verkhnyaya Inta,RU,2021-07-25 19:37:21,65.9811,60.3094,47.48,94,100,12.39
142,Bereda,ES,2021-07-25 19:34:02,43.2686,-7.5406,64.58,90,60,3.18
143,Deputatskiy,RU,2021-07-25 19:37:05,69.3,139.9,46.22,71,5,3.04
144,Buraydah,SA,2021-07-25 19:31:03,26.326,43.975,102.65,13,3,10.71
145,Teknaf,BD,2021-07-25 19:37:21,20.8624,92.3058,79.07,94,100,3.0
146,Kaseda,JP,2021-07-25 19:37:21,31.4167,130.3167,79.84,83,100,14.85
147,Vila,PT,2021-07-25 19:31:35,42.0304,-8.1588,62.74,80,18,3.44
148,Gornyak,RU,2021-07-25 19:37:22,50.9942,81.4661,73.63,42,100,6.64
149,Kavaratti,IN,2021-07-25 19:31:28,10.5669,72.642,81.0,79,100,21.61
150,Rio Brilhante,BR,2021-07-25 19:37:22,-21.8019,-54.5464,91.09,22,0,7.78
151,Yulara,AU,2021-07-25 19:30:25,-25.2406,130.9889,46.24,57,5,4.61
152,Bukavu,CD,2021-07-25 19:37:22,-2.5083,28.8608,62.74,66,99,2.84
153,Nome,US,2021-07-25 19:33:15,64.5011,-165.4064,50.07,81,90,10.36
154,Kaitangata,NZ,2021-07-25 19:30:34,-46.2817,169.8464,48.92,66,100,3.02
155,Krasnokholm,RU,2021-07-25 19:37:23,51.5979,54.1567,62.56,41,0,8.32
156,Esperance,AU,2021-07-25 19:28:12,-33.8667,121.9,51.64,85,1,17.81
157,Rio Gallegos,AR,2021-07-25 19:37:23,-51.6226,-69.2181,41.05,56,40,23.02
158,Beringovskiy,RU,2021-07-25 19:31:14,63.05,179.3167,51.76,90,100,1.61
159,Jamestown,US,2021-07-25 19:30:37,42.097,-79.2353,85.32,57,40,9.73
160,Thohoyandou,ZA,2021-07-25 19:37:23,-22.9456,30.485,52.74,59,68,2.82
161,Phan Thiet,VN,2021-07-25 19:31:08,10.9333,108.1,75.72,93,91,9.62
162,Loding,NO,2021-07-25 19:37:24,67.3,14.75,59.54,91,90,3.0
163,Avarua,CK,2021-07-25 19:37:24,-21.2078,-159.775,71.65,100,75,2.3
164,Oudtshoorn,ZA,2021-07-25 19:37:24,-33.5907,22.2014,50.36,30,98,6.64
165,Kavieng,PG,2021-07-25 19:30:23,-2.5744,150.7967,81.0,76,93,3.51
166,Qasigiannguit,GL,2021-07-25 19:31:54,68.8193,-51.1922,55.65,53,99,4.34
167,Tairua,NZ,2021-07-25 19:37:24,-37.0167,175.85,57.09,96,100,22.03
168,Tete,MZ,2021-07-25 19:30:35,-16.1564,33.5867,68.09,56,75,17.27
169,Northam,GB,2021-07-25 19:31:22,51.0333,-4.2167,69.42,81,47,5.32
170,Irbil,IQ,2021-07-25 19:37:25,36.1926,44.0106,96.62,16,0,4.61
171,Qaanaaq,GL,2021-07-25 19:27:14,77.484,-69.3632,40.48,70,89,5.79
172,Aklavik,CA,2021-07-25 19:28:50,68.2191,-135.0107,57.2,72,90,13.8
173,Chalons-En-Champagne,FR,2021-07-25 19:37:25,48.9539,4.3672,70.38,92,34,6.98
174,Duyun,CN,2021-07-25 19:37:25,26.2667,107.5167,67.78,92,8,2.75
175,Shieli,KZ,2021-07-25 19:37:26,44.1667,66.75,89.02,27,0,10.6
176,Lagoa,PT,2021-07-25 19:30:48,39.05,-27.9833,70.23,77,100,12.28
177,Ponta Do Sol,PT,2021-07-25 19:30:28,32.6667,-17.1,81.01,80,1,4.38
178,Vila Franca Do Campo,PT,2021-07-25 19:28:47,37.7167,-25.4333,72.01,80,43,8.01
179,Dickinson,US,2021-07-25 19:37:26,29.4608,-95.0513,98.19,60,20,4.0
180,Umm Lajj,SA,2021-07-25 19:30:49,25.0213,37.2685,88.93,42,0,8.08
181,Mangai,CD,2021-07-25 19:37:26,-4.05,19.5333,79.92,29,77,3.15
182,Zhangjiakou,CN,2021-07-25 19:37:27,40.81,114.8794,71.49,90,100,4.43
183,Jacksonville,US,2021-07-25 19:35:35,30.3322,-81.6556,91.98,68,75,3.0
184,Darhan,MN,2021-07-25 19:37:27,49.4867,105.9228,58.41,76,54,4.43
185,Poum,NC,2021-07-25 19:31:31,-20.2333,164.0167,72.32,78,1,17.25
186,Norman Wells,CA,2021-07-25 19:31:01,65.282,-126.8329,69.84,43,40,5.75
187,Codrington,AU,2021-07-25 19:37:27,-38.2667,141.9667,50.04,94,73,14.32
188,Airai,TL,2021-07-25 19:30:35,-8.9266,125.4092,55.85,52,76,3.22
189,Contamana,PE,2021-07-25 19:37:27,-7.3333,-75.0167,95.63,30,67,1.21
190,Khatanga,RU,2021-07-25 19:30:47,71.9667,102.5,48.83,87,43,6.46
191,Kargasok,RU,2021-07-25 19:37:28,59.0556,80.8572,63.0,81,94,2.51
192,Sajanan,TN,2021-07-25 19:37:28,37.0573,9.2426,88.07,68,48,1.45
193,Dzilam Gonzalez,MX,2021-07-25 19:37:28,21.2833,-88.9333,88.83,55,100,8.19
194,Celestun,MX,2021-07-25 19:37:28,20.8667,-90.4,86.54,64,95,12.95
195,Les Cayes,HT,2021-07-25 19:32:09,18.2,-73.75,84.06,71,100,6.51
196,Vada,NL,2021-07-25 19:37:29,51.97,5.6667,70.88,87,90,4.61
197,Pando,UY,2021-07-25 19:37:29,-34.7167,-55.95,64.8,82,75,12.66
198,Puerto Madero,MX,2021-07-25 19:37:29,14.7208,-92.4215,89.8,66,75,6.91
199,Edd,ER,2021-07-25 19:37:30,13.9297,41.6925,88.63,62,100,1.36
200,Rio Grande,BR,2021-07-25 19:33:54,-32.035,-52.0986,73.51,82,22,7.87
201,Kyra,RU,2021-07-25 19:37:30,49.5776,111.9753,50.0,91,7,5.79
202,Miraflores,MX,2021-07-25 19:37:30,19.2167,-98.8083,75.02,60,71,1.12
203,Klaksvik,FO,2021-07-25 19:29:24,62.2266,-6.589,52.72,95,100,11.18
204,Bathsheba,BB,2021-07-25 19:37:31,13.2167,-59.5167,86.61,70,40,14.97
205,Malakal,SS,2021-07-25 19:37:31,9.5334,31.6605,69.78,97,100,6.73
206,Kodiak,US,2021-07-25 19:37:31,57.79,-152.4072,51.31,87,90,6.91
207,Egvekinot,RU,2021-07-25 19:31:03,66.3167,-179.1667,44.53,90,100,1.23
208,Kyzyl-Suu,KG,2021-07-25 19:37:31,42.3414,78.0056,67.71,25,0,6.53
209,Athens,GR,2021-07-25 19:34:01,37.9795,23.7162,82.17,40,0,5.01
210,Kailua,US,2021-07-25 19:37:21,21.4022,-157.7394,85.98,74,75,11.5
211,Sur,OM,2021-07-25 19:30:26,22.5667,59.5289,93.49,52,55,12.82
212,Lesnoy,RU,2021-07-25 19:37:32,57.6198,63.0784,53.96,60,96,5.06
213,Chapais,CA,2021-07-25 19:30:42,49.7834,-74.8492,64.18,50,91,8.93
214,Baykit,RU,2021-07-25 19:33:36,61.67,96.37,64.83,75,34,2.24
215,Zelenets,RU,2021-07-25 19:37:32,61.8849,50.7489,55.65,69,100,6.2
216,Broome,US,2021-07-25 19:32:06,42.2506,-75.833,86.9,63,75,1.99
217,Grindavik,IS,2021-07-25 19:30:52,63.8424,-22.4338,50.56,87,75,27.63
218,Ilovlya,RU,2021-07-25 19:37:32,49.3033,43.9796,76.3,48,23,7.7
219,Hualmay,PE,2021-07-25 19:31:06,-11.0964,-77.6139,67.44,73,21,9.26
220,Poperinge,BE,2021-07-25 19:37:33,50.8549,2.6875,67.84,87,79,4.25
221,Makueni,KE,2021-07-25 19:31:50,-1.8041,37.6203,59.54,66,66,5.97
222,Souillac,MU,2021-07-25 19:30:38,-20.5167,57.5167,70.18,64,20,12.66
223,Culiacan,MX,2021-07-25 19:33:42,24.7994,-107.3897,95.14,57,40,5.75
224,Olafsvik,IS,2021-07-25 19:30:50,64.8945,-23.7142,49.75,91,72,17.34
225,Pacific Grove,US,2021-07-25 19:31:08,36.6177,-121.9166,83.8,80,20,5.01
226,Muros,ES,2021-07-25 19:27:45,42.7762,-9.0603,70.84,67,9,11.45
227,Mantamados,GR,2021-07-25 19:37:33,39.3117,26.3339,77.13,61,0,10.13
228,Bousse,BF,2021-07-25 19:37:33,12.6606,-1.8922,83.77,56,92,9.89
229,Carnarvon,AU,2021-07-25 19:30:45,-24.8667,113.6333,53.67,74,0,5.75
230,Ambilobe,MG,2021-07-25 19:28:43,-13.2,49.05,66.0,79,82,4.68
231,Semey,KZ,2021-07-25 19:37:34,50.4111,80.2275,80.28,37,100,5.88
232,Pingdingshan,CN,2021-07-25 19:34:02,33.7385,113.3012,76.93,82,52,2.39
233,Sinnamary,GF,2021-07-25 19:30:29,5.3833,-52.95,81.19,77,63,6.02
234,Kristiansund,NO,2021-07-25 19:37:34,63.1115,7.732,66.25,77,0,11.5
235,Geraldton,AU,2021-07-25 19:30:21,-28.7667,114.6,48.61,93,0,12.66
236,Cabo San Lucas,MX,2021-07-25 19:28:01,22.8909,-109.9124,97.52,62,1,12.66
237,Ust-Maya,RU,2021-07-25 19:37:34,60.4167,134.5333,57.54,84,5,3.4
238,Sitka,US,2021-07-25 19:32:19,57.0531,-135.33,57.09,77,75,0.0
239,Gladstone,AU,2021-07-25 19:37:35,-23.85,151.25,48.78,66,4,3.44
240,Clyde River,CA,2021-07-25 19:31:13,70.4692,-68.5914,35.83,100,90,8.05
241,San Jose,US,2021-07-25 19:36:12,37.3394,-121.895,93.52,47,40,0.0
242,Charters Towers,AU,2021-07-25 19:37:35,-20.1,146.2667,51.46,44,11,6.96
243,Tomatlan,MX,2021-07-25 19:37:35,19.9333,-105.25,91.87,57,13,8.77
244,Tucumcari,US,2021-07-25 19:37:36,35.1717,-103.725,89.44,31,1,14.97
245,Kisaran,ID,2021-07-25 19:37:36,2.9845,99.6158,74.97,97,61,2.51
246,Bhuj,IN,2021-07-25 19:37:36,23.2667,69.6667,82.62,80,100,18.79
247,Kaeo,NZ,2021-07-25 19:37:36,-35.1,173.7833,56.32,96,32,9.42
248,Comodoro Rivadavia,AR,2021-07-25 19:31:50,-45.8667,-67.5,49.86,40,20,13.8
249,Jizan,SA,2021-07-25 19:37:37,17.3333,42.6667,79.74,80,100,5.95
250,Olinda,BR,2021-07-25 19:37:37,-8.0089,-34.8553,73.13,88,75,14.97
251,Fairbanks,US,2021-07-25 19:29:33,64.8378,-147.7164,65.23,62,75,1.01
252,Tanout,NE,2021-07-25 19:32:14,14.9709,8.8879,90.9,43,94,17.63
253,Tromso,NO,2021-07-25 19:37:37,69.6496,18.957,56.05,93,75,4.61
254,Tambun,ID,2021-07-25 19:37:38,-6.2641,107.0712,79.47,77,2,2.77
255,Yumen,CN,2021-07-25 19:33:06,40.2833,97.2,76.3,33,4,10.07
256,Grand Gaube,MU,2021-07-25 19:31:46,-20.0064,57.6608,70.2,60,8,5.99
257,Sistranda,NO,2021-07-25 19:37:38,63.7256,8.834,57.16,91,18,9.31
258,Ginda,IN,2021-07-25 19:37:38,30.6945,78.4932,69.31,99,100,1.48
259,Roald,NO,2021-07-25 19:31:07,62.5833,6.1333,70.72,82,87,12.66
260,Agadir,MA,2021-07-25 19:37:38,30.4202,-9.5982,73.85,63,0,4.03
261,Kedougou,SN,2021-07-25 19:37:39,12.5579,-12.1743,78.58,84,99,4.0
262,Pinega,RU,2021-07-25 19:37:39,64.7001,43.3936,46.45,85,76,1.72
263,Iralaya,HN,2021-07-25 19:37:39,15.0,-83.2333,83.93,67,100,8.48
264,Ngama,TD,2021-07-25 19:37:40,11.7833,17.1667,74.75,87,100,0.6
265,Conceicao Do Araguaia,BR,2021-07-25 19:37:40,-8.2578,-49.2647,93.33,29,0,6.91
266,Umm Kaddadah,SD,2021-07-25 19:37:40,13.6017,26.6876,88.63,43,94,18.1
267,Vao,NC,2021-07-25 19:31:41,-22.6667,167.4833,71.38,70,54,15.75
268,Awbari,LY,2021-07-25 19:37:40,26.5921,12.7805,86.04,20,0,10.27
269,Mersing,MY,2021-07-25 19:37:41,2.4312,103.8405,78.71,94,7,4.61
270,Sao Pedro Do Sul,BR,2021-07-25 19:37:41,-29.6206,-54.1789,83.05,56,5,8.7
271,Santa Rosa,PH,2021-07-25 19:31:36,14.3122,121.1114,82.38,83,100,16.02
272,Salina Cruz,MX,2021-07-25 19:37:41,16.1667,-95.2,93.94,47,93,12.28
273,Mareeba,AU,2021-07-25 19:37:42,-17.0,145.4333,61.52,85,100,2.28
274,Srednekolymsk,RU,2021-07-25 19:37:42,67.45,153.6833,42.1,70,100,16.24
275,Voi,KE,2021-07-25 19:37:42,-3.3945,38.563,66.02,77,0,12.77
276,Savannah Bight,HN,2021-07-25 19:37:42,16.45,-85.85,87.01,68,100,6.64
277,Nalut,LY,2021-07-25 19:37:43,30.3333,10.85,86.74,14,0,11.3
278,Lompoc,US,2021-07-25 19:31:46,34.6391,-120.4579,85.69,69,40,5.99
279,Nerchinskiy Zavod,RU,2021-07-25 19:37:43,51.3088,119.61,55.67,96,75,3.87
280,Yerbogachen,RU,2021-07-25 19:32:00,61.2767,108.0108,61.38,66,78,1.36
281,Saint-Louis,SN,2021-07-25 19:30:53,16.3333,-15.0,100.04,49,45,22.01
282,Segamat,MY,2021-07-25 19:37:43,2.5148,102.8158,78.62,87,7,3.8
283,Huaihua,CN,2021-07-25 19:37:44,27.5494,109.9592,72.88,96,0,2.13
284,Touros,BR,2021-07-25 19:28:49,-5.1989,-35.4608,83.3,66,9,17.0
285,Luanda,AO,2021-07-25 19:32:16,-8.8368,13.2343,71.6,83,0,6.91
286,Half Moon Bay,US,2021-07-25 19:37:44,37.4636,-122.4286,89.53,66,20,1.99
287,Dongsheng,CN,2021-07-25 19:31:30,39.8161,109.9776,69.58,75,100,12.06
288,Kruisfontein,ZA,2021-07-25 19:27:50,-34.0033,24.7314,54.36,41,90,4.83
289,Palmeirais,BR,2021-07-25 19:37:44,-5.9778,-43.0633,94.55,19,5,7.81
290,Renkum,NL,2021-07-25 19:37:44,51.9767,5.7333,70.79,87,90,4.61
291,Nemuro,JP,2021-07-25 19:32:04,43.3236,145.575,61.74,92,0,4.88
292,Bay Roberts,CA,2021-07-25 19:37:45,47.5999,-53.2648,63.52,82,93,3.0
293,Arman,RU,2021-07-25 19:37:45,59.7,150.1667,53.47,99,100,5.7
294,Nanortalik,GL,2021-07-25 19:31:37,60.1432,-45.2371,45.12,73,100,13.76
295,Dudinka,RU,2021-07-25 19:37:45,69.4058,86.1778,53.96,90,100,3.69
296,Faanui,PF,2021-07-25 19:33:29,-16.4833,-151.75,78.01,66,0,12.86
297,Chupa,RU,2021-07-25 19:37:46,66.27,33.0549,56.97,78,100,5.23
298,Ulladulla,AU,2021-07-25 19:32:23,-35.35,150.4667,55.87,63,4,12.55
299,Kalianget,ID,2021-07-25 19:37:46,-7.05,113.9333,78.1,73,0,15.19
300,Dikson,RU,2021-07-25 19:27:52,73.5069,80.5464,39.25,86,100,13.73
301,Jiazi,CN,2021-07-25 19:37:46,22.8779,116.067,82.08,84,25,11.12
302,Bontang,ID,2021-07-25 19:37:46,0.1333,117.5,76.71,87,80,6.85
303,Bairiki,KI,2021-07-25 19:37:47,1.3292,172.9752,80.6,89,90,6.91
304,Prince Albert,CA,2021-07-25 19:37:47,53.2001,-105.7677,73.35,46,75,13.8
305,Mount Isa,AU,2021-07-25 19:30:42,-20.7333,139.5,51.57,43,15,5.75
306,Tezu,IN,2021-07-25 19:37:47,27.9167,96.1667,77.05,98,100,2.84
307,Goderich,CA,2021-07-25 19:37:47,43.7501,-81.7165,83.03,73,0,9.22
308,Luderitz,NA,2021-07-25 19:31:20,-26.6481,15.1594,67.35,23,100,4.76
309,Itarema,BR,2021-07-25 19:37:48,-2.9248,-39.9167,81.09,65,23,16.33
310,Freeport,US,2021-07-25 19:36:18,40.6576,-73.5832,87.06,79,1,8.99
311,Viedma,AR,2021-07-25 19:33:05,-40.8135,-62.9967,53.53,33,4,13.8
312,Shar,KZ,2021-07-25 19:37:48,49.5886,81.0453,78.44,34,100,4.74
313,Acapulco,MX,2021-07-25 19:32:28,16.8634,-99.8901,87.62,74,40,9.22
314,Coquimbo,CL,2021-07-25 19:25:57,-29.9533,-71.3436,60.53,63,0,12.66
315,Fortuna,US,2021-07-25 19:29:50,40.5982,-124.1573,89.42,84,1,12.66
316,Bengkulu,ID,2021-07-25 19:37:48,-3.8004,102.2655,74.48,86,2,5.41
317,The Valley,AI,2021-07-25 19:32:23,18.217,-63.0578,84.81,84,40,18.41
318,Ibipeba,BR,2021-07-25 19:37:49,-11.6408,-42.0111,77.36,38,31,10.16
319,Ipixuna,BR,2021-07-25 19:37:49,-1.7625,-48.8043,89.55,46,39,2.55
320,Longyearbyen,SJ,2021-07-25 19:27:43,78.2186,15.6401,44.44,87,75,10.36
321,Porto Novo,BJ,2021-07-25 19:37:49,6.4965,2.6036,78.62,76,8,8.9
322,Sabha,LY,2021-07-25 19:30:35,27.0377,14.4283,85.19,17,0,11.39
323,San Angelo,US,2021-07-25 19:37:49,31.4638,-100.437,102.97,29,1,4.0
324,Richards Bay,ZA,2021-07-25 19:37:50,-28.783,32.0377,57.54,83,0,6.87
325,Maniwaki,CA,2021-07-25 19:37:50,46.3834,-75.966,77.54,61,83,10.36
326,Turbat,PK,2021-07-25 19:37:50,26.0023,63.044,85.8,69,100,5.5
327,Aquiraz,BR,2021-07-25 19:36:46,-3.9014,-38.3911,84.29,73,3,12.03
328,Arraial Do Cabo,BR,2021-07-25 19:37:50,-22.9661,-42.0278,75.16,64,0,21.85
329,Anzhero-Sudzhensk,RU,2021-07-25 19:37:51,56.081,86.0285,67.66,97,100,4.94
330,Bagru,IN,2021-07-25 19:37:51,26.8088,75.5423,88.14,60,100,4.21
331,Mapiripan,CO,2021-07-25 19:37:51,2.8892,-72.1256,73.31,90,100,4.61
332,Jabinyanah,TN,2021-07-25 19:37:51,35.035,10.9081,85.8,69,0,13.89
333,Suixi,CN,2021-07-25 19:37:52,33.8907,116.7747,77.2,85,100,7.09
334,Labytnangi,RU,2021-07-25 19:37:52,66.6572,66.4183,48.02,81,100,11.12
335,Lagdo,CM,2021-07-25 19:37:52,9.05,13.7333,81.72,82,100,4.29
336,Clinton,US,2021-07-25 19:34:43,42.587,-82.9199,90.88,43,40,1.99
337,Lawrenceburg,US,2021-07-25 19:37:52,38.0373,-84.8966,91.87,66,20,3.0
338,Yarim,YE,2021-07-25 19:37:53,14.298,44.3779,57.94,82,100,4.72
339,Sussex,US,2021-07-25 19:37:53,41.1834,-74.6663,84.7,65,20,5.75
340,Sibolga,ID,2021-07-25 19:37:53,1.7427,98.7792,76.64,82,26,3.38
341,Onufriyivka,UA,2021-07-25 19:37:53,48.9072,33.4487,72.77,49,26,5.06
342,Tarnogskiy Gorodok,RU,2021-07-25 19:37:54,60.4997,43.5761,56.59,67,91,5.61
343,Fredericksburg,US,2021-07-25 19:36:45,38.3032,-77.4605,93.74,57,1,5.75
344,Komsomolskiy,UZ,2021-07-25 19:30:21,40.4272,71.7189,83.12,32,0,9.22
345,Tukrah,LY,2021-07-25 19:32:58,32.5341,20.5791,79.23,66,0,9.84
346,Nantucket,US,2021-07-25 19:35:34,41.2835,-70.0995,71.71,78,90,17.27
347,Hovd,MN,2021-07-25 19:37:54,48.0056,91.6419,65.61,58,45,3.53
348,Borazjan,IR,2021-07-25 19:37:54,29.2666,51.2159,90.73,42,0,2.42
349,Saint-Paul,RE,2021-07-25 19:37:33,-21.0096,55.2707,69.89,79,95,2.28
350,Banjar,ID,2021-07-25 19:35:08,-8.19,114.9675,75.06,76,16,3.4
351,Vestmannaeyjar,IS,2021-07-25 19:27:38,63.4427,-20.2734,52.79,87,75,20.71
352,Leshukonskoye,RU,2021-07-25 19:37:55,64.8989,45.7622,47.48,79,98,4.36
353,Severo-Kurilsk,RU,2021-07-25 19:27:38,50.6789,156.125,53.98,99,81,5.03
354,Key Largo,US,2021-07-25 19:35:21,25.0865,-80.4473,86.02,65,47,7.49
355,Ilulissat,GL,2021-07-25 19:28:39,69.2167,-51.1,55.42,35,75,13.8
356,Turukhansk,RU,2021-07-25 19:32:12,65.8167,87.9833,63.48,76,19,5.41
357,Waipawa,NZ,2021-07-25 19:37:55,-41.4122,175.5153,49.1,77,100,13.24
358,Shenjiamen,CN,2021-07-25 19:32:03,29.9576,122.298,77.5,94,100,32.44
359,Ballina,AU,2021-07-25 19:37:55,-28.8667,153.5667,47.79,70,0,9.22
360,Gravdal,NO,2021-07-25 19:37:56,68.1214,13.5031,51.69,100,90,3.44
361,Vermillion,US,2021-07-25 19:37:56,42.7794,-96.9292,89.76,19,27,10.36
362,Takhatpur,IN,2021-07-25 19:37:56,22.15,81.8667,78.76,83,94,8.3
363,Amapa,BR,2021-07-25 19:37:56,1.0,-52.0,81.27,83,98,2.19
364,La Ronge,CA,2021-07-25 19:30:23,55.1001,-105.2842,66.45,59,75,3.44
365,Los Llanos De Aridane,ES,2021-07-25 19:31:58,28.6585,-17.9182,69.55,78,20,16.11
366,Ayna,PE,2021-07-25 19:37:57,-12.65,-73.9167,82.9,37,8,5.64
367,Morgan City,US,2021-07-25 19:37:57,29.6994,-91.2068,96.04,66,1,5.75
368,Araceli,PH,2021-07-25 19:37:57,10.5529,119.9913,83.41,78,100,11.95
369,Rantepao,ID,2021-07-25 19:37:57,-2.9701,119.8978,61.56,83,24,2.75
370,Aksu,CN,2021-07-25 19:37:58,41.1231,80.2644,85.26,26,0,2.8
371,Laguna,US,2021-07-25 19:37:58,38.421,-121.4238,106.43,35,1,5.75
372,Lichinga,MZ,2021-07-25 19:37:58,-13.3128,35.2406,52.72,72,100,7.81
373,Pisco,PE,2021-07-25 19:28:36,-13.7,-76.2167,66.25,72,20,9.22
374,Mamu Kanjan,PK,2021-07-25 19:37:58,30.8333,72.8,99.14,38,96,9.78
375,Hirara,JP,2021-07-25 19:37:34,24.8,125.2833,83.41,89,100,18.1
376,Pombas,CV,2021-07-25 19:37:59,17.1503,-25.0201,76.78,75,36,10.85
377,Kudahuvadhoo,MV,2021-07-25 19:37:59,2.6708,72.8944,81.28,76,84,11.61
378,Phenix City,US,2021-07-25 19:37:04,32.471,-85.0008,93.24,56,20,8.05
379,Chimbote,PE,2021-07-25 19:37:59,-9.0853,-78.5783,68.54,73,20,9.64
380,Ihosy,MG,2021-07-25 19:37:59,-22.4,46.1167,52.95,82,35,13.62
381,Borogontsy,RU,2021-07-25 19:38:00,62.6683,131.1683,56.61,70,3,3.94
382,Port Hardy,CA,2021-07-25 19:38:00,50.6996,-127.4199,59.18,88,90,5.75
383,Beyneu,KZ,2021-07-25 19:38:00,45.3167,55.2,88.83,18,73,12.39
384,Sao Jose Da Coroa Grande,BR,2021-07-25 19:38:01,-8.8978,-35.1478,74.88,86,25,13.27
385,Kenora,CA,2021-07-25 19:33:39,49.8167,-94.4337,81.79,34,40,12.66
386,Mayor Pablo Lagerenza,PY,2021-07-25 19:38:01,-19.9309,-60.7718,98.89,16,0,14.45
387,Vestmanna,FO,2021-07-25 19:33:26,62.1564,-7.1664,50.92,100,90,4.61
388,Te Anau,NZ,2021-07-25 19:31:55,-45.4167,167.7167,44.53,98,100,1.57
389,Kahului,US,2021-07-25 19:30:37,20.8947,-156.47,83.46,84,40,16.11
390,Clyde,US,2021-07-25 19:36:45,41.3042,-82.9752,89.31,50,12,7.7
391,Lima,PE,2021-07-25 19:34:19,-12.0432,-77.0282,64.65,68,90,5.75
392,Artyom,AZ,2021-07-25 19:38:01,40.4723,50.333,80.74,74,0,27.09
393,Tura,IN,2021-07-25 19:30:30,25.5198,90.2201,75.56,95,100,5.1
394,Yar-Sale,RU,2021-07-25 19:32:01,66.8333,70.8333,45.52,84,51,9.1
395,Ust-Omchug,RU,2021-07-25 19:38:02,61.15,149.6333,53.15,98,100,6.02
396,Coos Bay,US,2021-07-25 19:38:02,43.3665,-124.2179,88.86,78,1,26.46
397,Kloulklubed,PW,2021-07-25 19:30:44,7.0419,134.2556,83.89,74,100,17.63
398,Salalah,OM,2021-07-25 19:31:20,17.0151,54.0924,80.69,83,75,6.91
399,Posse,BR,2021-07-25 19:38:02,-14.0931,-46.3694,81.93,26,0,7.2
400,Mazamitla,MX,2021-07-25 19:38:02,19.9167,-103.0333,71.69,56,29,2.06
401,Taltal,CL,2021-07-25 19:30:20,-25.4,-70.4833,60.76,71,24,5.26
402,Hofn,IS,2021-07-25 19:30:23,64.2539,-15.2082,52.02,94,100,19.93
403,Wundanyi,KE,2021-07-25 19:38:03,-3.4019,38.364,55.78,79,4,10.16
404,Touba,CI,2021-07-25 19:38:03,8.2833,-7.6833,71.74,87,33,3.6
405,Shimoda,JP,2021-07-25 19:32:08,34.6667,138.95,73.11,87,9,7.74
406,Kenai,US,2021-07-25 19:32:02,60.5544,-151.2583,66.02,75,90,10.36
407,Diego De Almagro,CL,2021-07-25 19:38:04,-26.3667,-70.05,68.86,18,0,8.23
408,Kuytun,RU,2021-07-25 19:31:26,54.3419,101.5036,59.92,65,88,2.42
409,Bardiyah,LY,2021-07-25 19:38:04,31.7561,25.0865,77.9,63,0,8.48
410,Mehamn,NO,2021-07-25 19:30:48,71.0357,27.8492,46.58,81,75,16.11
411,Jertih,MY,2021-07-25 19:38:04,5.7336,102.4897,80.47,91,65,2.51
412,Davila,PH,2021-07-25 19:38:04,18.4726,120.5763,81.84,86,94,24.92
413,Cortez,US,2021-07-25 19:38:05,37.3489,-108.5859,84.42,47,20,17.27
414,San Quintin,MX,2021-07-25 19:38:05,30.4833,-115.95,68.38,84,100,9.06
415,Karratha,AU,2021-07-25 19:33:21,-20.7377,116.8463,69.03,48,55,5.95
416,Bama,NG,2021-07-25 19:38:05,11.5221,13.6856,79.99,70,100,5.37
417,Taoudenni,ML,2021-07-25 19:38:05,22.6783,-3.9836,106.21,5,47,10.92
418,Saint-Augustin,CA,2021-07-25 19:30:20,51.226,-58.6502,72.68,54,9,20.92
419,Nelson Bay,AU,2021-07-25 19:32:19,-32.7167,152.15,54.75,63,0,3.0
420,Moen,NO,2021-07-25 19:38:06,69.1304,18.6123,56.12,100,75,0.0
421,Yilan,TW,2021-07-25 19:38:06,24.757,121.753,86.11,99,100,4.16
422,Jvari,GE,2021-07-25 19:38:06,42.7169,42.052,66.45,93,30,2.48
423,Jakarta,ID,2021-07-25 19:38:06,-6.2146,106.8451,79.52,79,1,3.2
424,Hailun,CN,2021-07-25 19:38:06,47.45,126.9333,69.69,99,100,6.69
425,Bandarbeyla,SO,2021-07-25 19:30:47,9.4942,50.8122,76.3,79,0,26.19
426,Simoes,BR,2021-07-25 19:38:07,-7.5989,-40.8178,85.78,22,0,11.21
427,Adrar,MR,2021-07-25 19:32:10,20.5022,-10.0711,100.99,7,17,8.79
428,Boende,CD,2021-07-25 19:38:07,-0.2167,20.8667,79.29,54,53,3.24
429,Odweyne,SO,2021-07-25 19:38:07,9.4092,45.064,71.96,47,64,20.36
430,Buala,SB,2021-07-25 19:35:02,-8.145,159.5921,79.3,84,24,7.25
431,Nyakahanga,TZ,2021-07-25 19:38:08,-1.6033,31.1414,65.23,45,53,3.69
432,Worthington,US,2021-07-25 19:34:45,40.0931,-83.018,90.01,61,1,1.01
433,Corrales,US,2021-07-25 19:38:08,35.2378,-106.6067,86.23,48,40,1.01
434,Amur,RU,2021-07-25 19:38:08,54.0,128.0,56.97,93,10,0.29
435,Gallup,US,2021-07-25 19:38:09,35.5281,-108.7426,79.02,44,40,1.01
436,Ixtapa,MX,2021-07-25 19:30:40,20.7,-105.2,90.23,66,1,10.36
437,Yatou,CN,2021-07-25 19:38:09,37.15,122.3833,75.79,89,79,5.57
438,Boyolangu,ID,2021-07-25 19:38:09,-8.1181,111.8935,69.8,92,43,1.28
439,Chermoz,RU,2021-07-25 19:38:09,58.787,56.1489,54.23,68,100,9.46
440,Ndende,GA,2021-07-25 19:38:10,-2.4008,11.3581,75.6,72,82,5.68
441,Port Hedland,AU,2021-07-25 19:28:07,-20.3167,118.5667,59.05,82,97,5.75
442,Krasnoselkup,RU,2021-07-25 19:30:51,65.7,82.4667,53.89,91,48,6.04
443,Ancud,CL,2021-07-25 19:34:28,-41.8697,-73.8203,49.53,60,33,10.54
444,Kholmsk,RU,2021-07-25 19:38:10,47.0511,142.0569,66.88,92,100,4.97
445,Oliveira Dos Brejinhos,BR,2021-07-25 19:38:10,-12.3169,-42.8961,85.03,27,20,5.86
446,Alice Springs,AU,2021-07-25 19:32:06,-23.7,133.8833,51.35,40,92,3.44
447,Soure,BR,2021-07-25 19:38:10,-0.7167,-48.5233,83.61,70,84,9.84
448,Maputo,MZ,2021-07-25 19:38:11,-25.9653,32.5892,62.28,77,75,5.75
449,Pierre,US,2021-07-25 19:36:47,44.3683,-100.351,101.98,34,1,1.99
450,Marawi,PH,2021-07-25 19:38:11,7.9986,124.2928,70.65,89,94,5.41
451,Camacha,PT,2021-07-25 19:30:44,33.0833,-16.3333,77.54,83,40,14.97
452,Sao Joao Da Barra,BR,2021-07-25 19:30:32,-21.6403,-41.0511,77.09,68,0,15.48
453,Sechura,PE,2021-07-25 19:37:47,-5.5569,-80.8222,76.01,62,28,15.19
454,Yinchuan,CN,2021-07-25 19:38:11,38.4681,106.2731,81.01,33,100,9.17
455,Coahuayana,MX,2021-07-25 19:30:56,18.7333,-103.6833,90.88,64,72,6.02
456,Kanigoro,ID,2021-07-25 19:38:12,-8.13,112.219,66.18,91,16,2.1
457,Kalmunai,LK,2021-07-25 19:30:27,7.4167,81.8167,79.86,80,100,7.27
458,Dong Hoi,VN,2021-07-25 19:38:12,17.4833,106.6,78.39,85,100,12.44
459,Byron Bay,AU,2021-07-25 19:38:12,-28.65,153.6167,47.71,60,0,5.73
460,Monrovia,LR,2021-07-25 19:38:12,6.3005,-10.7969,78.57,75,98,7.65
461,Pincher Creek,CA,2021-07-25 19:38:13,49.4833,-113.952,86.11,31,1,10.36
462,Ola,RU,2021-07-25 19:38:13,59.5833,151.2833,54.01,95,100,4.43
463,Maceio,BR,2021-07-25 19:36:47,-9.6658,-35.7353,74.64,94,75,12.66
464,Bilibino,RU,2021-07-25 19:31:38,68.0546,166.4372,48.81,67,42,4.0
465,Cockburn Town,TC,2021-07-25 19:31:30,21.4612,-71.1419,85.96,70,40,9.22
466,Tarata,BO,2021-07-25 19:38:13,-17.6167,-66.0167,74.62,21,0,8.93
467,Damietta,EG,2021-07-25 19:38:14,31.4165,31.8133,80.49,73,0,9.89
468,Xichang,CN,2021-07-25 19:38:14,27.8964,102.2634,63.45,92,94,1.72
469,Asfi,MA,2021-07-25 19:31:42,32.2994,-9.2372,70.32,80,0,18.23
470,Aksarka,RU,2021-07-25 19:38:14,66.5606,67.7975,44.08,85,2,9.1
471,Flinders,AU,2021-07-25 19:34:14,-34.5833,150.8552,56.05,65,0,5.01
472,Dolores,AR,2021-07-25 19:38:15,-36.3132,-57.6792,58.15,80,100,11.05
473,Katherine,AU,2021-07-25 19:31:59,-14.4667,132.2667,66.52,77,77,8.05
474,Toora-Khem,RU,2021-07-25 19:38:15,52.4675,96.11,59.18,97,100,1.34
475,Cabedelo,BR,2021-07-25 19:33:39,-6.9811,-34.8339,79.47,79,2,13.69
476,Atherton,GB,2021-07-25 19:33:24,53.5237,-2.4935,71.15,67,28,4.0
477,Gonzalez,US,2021-07-25 19:38:15,30.5816,-87.2914,94.95,67,1,1.99
478,Dingle,PH,2021-07-25 19:35:16,10.9995,122.6711,77.14,89,34,9.69
479,Port Moresby,PG,2021-07-25 19:38:15,-9.4431,147.1797,71.02,94,75,6.91
480,Cap Malheureux,MU,2021-07-25 19:31:53,-19.9842,57.6142,70.29,60,5,5.99
481,Eskisehir,TR,2021-07-25 19:38:16,39.7767,30.5206,67.87,68,20,11.5
482,Miyako,JP,2021-07-25 19:38:16,39.6367,141.9525,70.36,87,90,3.58
483,Saint Simons,US,2021-07-25 19:38:16,31.1352,-81.3901,89.87,64,40,14.97
484,Mau,IN,2021-07-25 19:38:17,25.95,83.55,86.52,71,100,6.49
485,Evanston,US,2021-07-25 19:36:23,42.0411,-87.6901,91.96,32,75,1.99
486,Isetskoye,RU,2021-07-25 19:38:17,56.4858,65.3226,50.11,57,1,7.74
487,Saint-Francois,FR,2021-07-25 19:37:17,46.4154,3.9054,69.24,64,0,5.75
488,Giyani,ZA,2021-07-25 19:38:17,-23.3025,30.7187,59.85,47,96,5.06
489,Nieuwpoort,BE,2021-07-25 19:38:17,51.1244,2.7735,68.23,85,90,4.61
490,Yeppoon,AU,2021-07-25 19:30:22,-23.1333,150.7333,42.58,50,0,5.26
491,Kulob,TJ,2021-07-25 19:38:18,37.9145,69.783,88.56,29,0,13.42
492,Matara,LK,2021-07-25 19:30:58,5.9485,80.5353,77.97,86,99,10.85
493,Aloleng,PH,2021-07-25 19:38:18,16.1307,119.7824,82.45,84,100,19.37
494,Constitucion,CL,2021-07-25 19:30:24,-35.3333,-72.4167,53.65,86,26,9.13
495,Houston,US,2021-07-25 19:35:25,29.7633,-95.3633,97.95,53,1,4.0
496,Ahuimanu,US,2021-07-25 19:38:18,21.4447,-157.8378,85.71,70,75,11.5
497,Kununurra,AU,2021-07-25 19:31:44,-15.7667,128.7333,58.98,82,99,4.61
498,Provideniya,RU,2021-07-25 19:27:05,64.3833,-173.3,46.51,100,90,4.47
499,Kandi,BJ,2021-07-25 19:38:18,11.1342,2.9386,75.27,89,94,4.9
500,Poronaysk,RU,2021-07-25 19:38:19,49.2167,143.1167,68.9,88,100,6.26
501,Ensenada,MX,2021-07-25 19:37:01,31.8667,-116.6167,70.95,85,100,7.0
502,Joshimath,IN,2021-07-25 19:38:02,30.5667,79.5667,74.35,95,100,0.54
503,Djibo,BF,2021-07-25 19:38:19,14.1022,-1.6306,92.64,40,87,13.29
504,Morehead,US,2021-07-25 19:38:19,37.2711,-87.1764,93.11,78,90,8.05
505,Besenyszog,HU,2021-07-25 19:38:20,47.3,20.2667,80.92,50,0,6.91
506,Kerouane,GN,2021-07-25 19:38:20,9.2667,-9.0167,70.56,94,100,1.41
507,Kawalu,ID,2021-07-25 19:33:55,-7.3817,108.2082,66.58,97,48,2.04
508,Sungaipenuh,ID,2021-07-25 19:38:20,-2.0833,101.3833,63.37,96,10,3.18
509,Fereydunshahr,IR,2021-07-25 19:38:20,32.941,50.121,67.71,21,47,4.94
510,Tecoanapa,MX,2021-07-25 19:38:20,16.5167,-98.75,87.22,66,70,10.25
511,Pringsewu,ID,2021-07-25 19:38:21,-5.3582,104.9744,68.77,90,0,1.61
512,Moron,AR,2021-07-25 19:35:16,-34.6534,-58.6198,59.97,97,96,4.0
513,Whitehorse,CA,2021-07-25 19:26:14,60.7161,-135.0538,66.09,44,75,3.0
514,Negombo,LK,2021-07-25 19:38:21,7.2083,79.8358,80.65,83,40,5.75
515,Galle,LK,2021-07-25 19:38:21,6.0367,80.217,78.39,86,93,13.2
516,Maragogi,BR,2021-07-25 19:31:21,-9.0122,-35.2225,74.55,86,19,13.42
517,Palmer,US,2021-07-25 19:38:21,42.1584,-72.3287,76.39,78,90,4.0
518,Boulder,US,2021-07-25 19:34:41,40.0833,-105.3505,87.89,31,1,5.01
519,Haapiti,PF,2021-07-25 19:38:22,-17.5667,-149.8667,80.33,65,1,12.66
520,Buin,CL,2021-07-25 19:26:05,-33.7333,-70.75,62.92,40,4,6.31
521,Bonavista,CA,2021-07-25 19:38:22,48.6499,-53.1147,64.4,84,23,12.08
522,Petropavlovsk-Kamchatskiy,RU,2021-07-25 19:31:13,53.0452,158.6483,54.19,100,20,2.24
523,Omboue,GA,2021-07-25 19:38:22,-1.5746,9.2618,73.56,81,97,6.62
524,Ternate,ID,2021-07-25 19:38:23,0.8,127.4,80.29,79,100,5.3
525,Ugoofaaru,MV,2021-07-25 19:28:48,5.6667,73.0,81.9,78,98,19.82
526,Zhanaozen,KZ,2021-07-25 19:38:23,43.3,52.8,85.6,27,0,19.06
527,Buga,CO,2021-07-25 19:38:23,3.9009,-76.2978,74.91,85,100,0.58
528,Cayenne,GF,2021-07-25 19:38:24,4.9333,-52.3333,78.84,90,75,1.01
529,Bafata,GW,2021-07-25 19:38:24,12.1667,-14.75,76.35,88,99,4.79
530,Zemio,CF,2021-07-25 19:38:24,5.0314,25.1361,69.04,97,100,2.17
531,Pangnirtung,CA,2021-07-25 19:38:24,66.1451,-65.7125,46.4,100,90,2.3
532,Sabzevar,IR,2021-07-25 19:38:25,36.2126,57.6819,87.69,16,0,24.92
533,Tupiza,BO,2021-07-25 19:38:25,-21.45,-65.7167,64.4,19,100,20.56
534,Lincoln,US,2021-07-25 19:34:18,40.8,-96.667,87.8,72,1,1.01
535,Pevek,RU,2021-07-25 19:30:49,69.7008,170.3133,34.88,91,100,8.63
536,Asasa,ET,2021-07-25 19:38:25,7.1,39.2,51.31,90,74,4.12
537,Atambua,ID,2021-07-25 19:38:25,-9.1061,124.8925,66.47,73,85,4.29
538,Elblag,PL,2021-07-25 19:38:26,54.1522,19.4088,74.95,77,100,6.64
539,Mongagua,BR,2021-07-25 19:38:26,-24.0931,-46.6208,87.64,58,0,3.78
540,Dawei,MM,2021-07-25 19:38:26,14.0833,98.2,76.06,93,100,5.91
541,Vallenar,CL,2021-07-25 19:38:26,-28.5708,-70.7581,67.82,29,0,5.61
542,Asau,RO,2021-07-25 19:28:16,46.4333,26.4,70.75,65,100,2.59
543,Zlobin,HR,2021-07-25 19:32:18,45.2924,14.6541,69.1,71,75,2.3
544,Yakeshi,CN,2021-07-25 19:38:27,49.2833,120.7333,55.02,92,100,2.75
545,Port Augusta,AU,2021-07-25 19:38:27,-32.5,137.7667,50.7,77,0,9.62
546,Paramonga,PE,2021-07-25 19:38:27,-10.6667,-77.8333,68.31,71,23,8.28
547,Cabra,ES,2021-07-25 19:32:04,37.4725,-4.4421,87.39,40,15,8.99
548,Ajdabiya,LY,2021-07-25 19:38:27,30.7554,20.2263,83.89,39,0,13.62
549,Haukipudas,FI,2021-07-25 19:38:28,65.1765,25.3523,64.45,90,35,2.77
550,Sao Francisco Do Sul,BR,2021-07-25 19:38:28,-26.2433,-48.6381,82.11,78,0,5.75
551,Areka,ET,2021-07-25 19:38:28,7.0667,37.7,56.53,91,100,2.24
552,Gamba,GA,2021-07-25 19:30:40,-2.65,10.0,71.24,88,97,3.94
